admin1,Admin1Pcod,Admin2,Admin2Pcod,Admin3,Admin3Pcod,Fem,Mas,Total local,Total PDI,TOTAL,%_PDI,%_local
Boucle du Mouhoun,BF46,Bale,BF4601,Bagassi,BF460101,"24,218","23,414",47632,#N/A,"47,632",#N/A,100%
Boucle du Mouhoun,BF46,Bale,BF4601,Bana,BF460102,"9,115","9,475",18590,#N/A,"18,590",#N/A,100%
Boucle du Mouhoun,BF46,Bale,BF4601,Boromo,BF460103,"21,501","21,183",42684,557,"43,241",1%,99%
Boucle du Mouhoun,BF46,Bale,BF4601,Fara,BF460104,"27,826","25,322",53148,44,"53,192",0%,100%
Boucle du Mouhoun,BF46,Bale,BF4601,Ouri,BF460105,"18,690","19,641",38331,#N/A,"38,331",#N/A,100%
Boucle du Mouhoun,BF46,Bale,BF4601,Pa,BF460106,"14,686","13,563",28249,106,"28,355",0%,100%
Boucle du Mouhoun,BF46,Bale,BF4601,Pompoi,BF460107,"7,973","7,803",15776,#N/A,"15,776",#N/A,100%
Boucle du Mouhoun,BF46,Bale,BF4601,Poura,BF460108,"8,307","8,890",17197,639,"17,836",4%,96%
Boucle du Mouhoun,BF46,Bale,BF4601,Siby,BF460109,"10,095","9,992",20087,244,"20,331",1%,99%
Boucle du Mouhoun,BF46,Bale,BF4601,Yaho,BF460110,"12,032","11,467",23499,#N/A,"23,499",#N/A,100%
Boucle du Mouhoun,BF46,Banwa,BF4602,Balave,BF460201,"11,722","11,281",23003,58,"23,061",0%,100%
Boucle du Mouhoun,BF46,Banwa,BF4602,Kouka,BF460202,"42,544","41,399",83943,108,"84,051",0%,100%
Boucle du Mouhoun,BF46,Banwa,BF4602,Sami,BF460203,"6,229","6,023",12252,#N/A,"12,252",#N/A,100%
Boucle du Mouhoun,BF46,Banwa,BF4602,Sanaba,BF460204,"23,901","22,969",46870,112,"46,982",0%,100%
Boucle du Mouhoun,BF46,Banwa,BF4602,Solenzo,BF460205,"87,267","85,706",172973,714,"173,687",0%,100%
Boucle du Mouhoun,BF46,Banwa,BF4602,Tansila,BF460206,"21,897","21,552",43449,#N/A,"43,449",#N/A,100%
Boucle du Mouhoun,BF46,Kossi,BF4603,Barani,BF460301,"33,910","33,035",66945,326,"67,271",0%,100%
Boucle du Mouhoun,BF46,Kossi,BF4603,Bomborokuy,BF460302,"10,192","9,986",20178,3667,"23,845",15%,85%
Boucle du Mouhoun,BF46,Kossi,BF4603,Bourasso,BF460303,"8,376","8,009",16385,12,"16,397",0%,100%
Boucle du Mouhoun,BF46,Kossi,BF4603,Djibasso,BF460304,"37,337","35,420",72757,1415,"74,172",2%,98%
Boucle du Mouhoun,BF46,Kossi,BF4603,Dokuy,BF460305,"19,387","19,337",38724,#N/A,"38,724",#N/A,100%
Boucle du Mouhoun,BF46,Kossi,BF4603,Doumbala,BF460306,"19,526","18,630",38156,#N/A,"38,156",#N/A,100%
Boucle du Mouhoun,BF46,Kossi,BF4603,Kombori,BF460307,"7,429","6,737",14166,#N/A,"14,166",#N/A,100%
Boucle du Mouhoun,BF46,Kossi,BF4603,Madouba,BF460308,"4,664","4,537",9201,23,"9,224",0%,100%
Boucle du Mouhoun,BF46,Kossi,BF4603,Nouna,BF460309,"50,727","51,113",101840,2896,"104,736",3%,97%
Boucle du Mouhoun,BF46,Kossi,BF4603,Sono,BF460311,"5,081","5,126",10207,#N/A,"10,207",#N/A,100%
Boucle du Mouhoun,BF46,Mouhoun,BF4604,Bondokuy,BF460401,"36,868","35,221",72089,#N/A,"72,089",#N/A,100%
Boucle du Mouhoun,BF46,Mouhoun,BF4604,Dedougou,BF460402,"63,580","60,496",124076,404,"124,480",0%,100%
Boucle du Mouhoun,BF46,Mouhoun,BF4604,Douroula,BF460403,"9,055","9,213",18268,#N/A,"18,268",#N/A,100%
Boucle du Mouhoun,BF46,Mouhoun,BF4604,Kona,BF460404,"13,642","14,331",27973,39,"28,012",0%,100%
Boucle du Mouhoun,BF46,Mouhoun,BF4604,Ouarkoye,BF460405,"28,376","27,024",55400,97,"55,497",0%,100%
Boucle du Mouhoun,BF46,Mouhoun,BF4604,Safane,BF460406,"34,262","35,521",69783,18,"69,801",0%,100%
Boucle du Mouhoun,BF46,Mouhoun,BF4604,Tcheriba,BF460407,"28,894","27,757",56651,#N/A,"56,651",#N/A,100%
Boucle du Mouhoun,BF46,Nayala,BF4605,Gassan,BF460501,"22,077","22,943",45020,16,"45,036",0%,100%
Boucle du Mouhoun,BF46,Nayala,BF4605,Gossina,BF460502,"13,431","12,197",25628,#N/A,"25,628",#N/A,100%
Boucle du Mouhoun,BF46,Nayala,BF4605,Kougny,BF460503,"10,864","11,299",22163,4,"22,167",0%,100%
Boucle du Mouhoun,BF46,Nayala,BF4605,Toma,BF460504,"20,678","20,248",40926,27,"40,953",0%,100%
Boucle du Mouhoun,BF46,Nayala,BF4605,Yaba,BF460505,"22,650","21,300",43950,73,"44,023",0%,100%
Boucle du Mouhoun,BF46,Nayala,BF4605,Ye,BF460506,"25,230","24,195",49425,#N/A,"49,425",#N/A,100%
Boucle du Mouhoun,BF46,Sourou,BF4606,Di,BF460601,"15,838","16,935",32773,978,"33,751",3%,97%
Boucle du Mouhoun,BF46,Sourou,BF4606,Gomboro,BF460602,"9,853","9,059",18912,#N/A,"18,912",#N/A,100%
Boucle du Mouhoun,BF46,Sourou,BF4606,Kassoum,BF460603,"13,780","15,024",28804,#N/A,"28,804",#N/A,100%
Boucle du Mouhoun,BF46,Sourou,BF4606,Kiembara,BF460604,"21,263","18,932",40195,330,"40,525",1%,99%
Boucle du Mouhoun,BF46,Sourou,BF4606,Lanfiera,BF460605,"12,654","13,189",25843,19,"25,862",0%,100%
Boucle du Mouhoun,BF46,Sourou,BF4606,Lankoue,BF460606,"11,987","10,181",22168,62,"22,230",0%,100%
Boucle du Mouhoun,BF46,Sourou,BF4606,Toeni,BF460607,"20,967","20,512",41479,8,"41,487",0%,100%
Boucle du Mouhoun,BF46,Sourou,BF4606,Tougan,BF460608,"46,993","45,834",92827,2983,"95,810",3%,97%
Cascades,BF47,Comoe,BF4701,Banfora,BF470101,"92,526","87,905",180431,939,"181,370",1%,99%
Cascades,BF47,Comoe,BF4701,Bérégadougou,BF470102,"9,995","9,528",19523,60,"19,583",0%,100%
Cascades,BF47,Comoe,BF4701,Mangodara,BF470103,"42,850","42,251",85101,782,"85,883",1%,99%
Cascades,BF47,Comoe,BF4701,Moussodougou,BF470104,"9,544","7,608",17152,30,"17,182",0%,100%
Cascades,BF47,Comoe,BF4701,Niangoloko,BF470105,"45,575","43,369",88944,774,"89,718",1%,99%
Cascades,BF47,Comoe,BF4701,Ouo,BF470106,"19,925","18,697",38622,464,"39,086",1%,99%
Cascades,BF47,Comoe,BF4701,Sidéradougou,BF470107,"63,431","60,440",123871,1886,"125,757",1%,99%
Cascades,BF47,Comoe,BF4701,Soubakaniedougou,BF470108,"23,828","22,293",46121,77,"46,198",0%,100%
Cascades,BF47,Comoe,BF4701,Tiéfora,BF470109,"36,514","33,253",69767,800,"70,567",1%,99%
Cascades,BF47,Leraba,BF4702,Dakoro,BF470201,"9,905","9,438",19343,#N/A,"19,343",#N/A,100%
Cascades,BF47,Leraba,BF4702,Douna,BF470202,"6,970","6,259",13229,#N/A,"13,229",#N/A,100%
Cascades,BF47,Leraba,BF4702,Kankalaba,BF470203,"7,212","6,926",14138,#N/A,"14,138",#N/A,100%
Cascades,BF47,Leraba,BF4702,Loumana,BF470204,"18,076","17,685",35761,#N/A,"35,761",#N/A,100%
Cascades,BF47,Leraba,BF4702,Niankorodougou,BF470205,"25,505","24,425",49930,#N/A,"49,930",#N/A,100%
Cascades,BF47,Leraba,BF4702,Oueleni,BF470206,"8,837","8,217",17054,#N/A,"17,054",#N/A,100%
Cascades,BF47,Leraba,BF4702,Sindou,BF470207,"13,868","12,864",26732,19,"26,751",0%,100%
Cascades,BF47,Leraba,BF4702,Wolokonto,BF470208,"3,066","2,491",5557,14,"5,571",0%,100%
Centre,BF13,Kadiogo,BF1300,Komki-Ipala,BF130001,"18,763","16,559",35322,#N/A,"35,322",#N/A,100%
Centre,BF13,Kadiogo,BF1300,Komsilga,BF130002,"45,628","45,603",91231,#N/A,"91,231",#N/A,100%
Centre,BF13,Kadiogo,BF1300,Koubri,BF130003,"38,228","37,233",75461,#N/A,"75,461",#N/A,100%
Centre,BF13,Kadiogo,BF1300,Ouagadougou,BF130004,"1,252,830","1,281,355",2534185,1051,"2,535,236",0%,100%
Centre,BF13,Kadiogo,BF1300,Pabre,BF130005,"25,279","22,641",47920,#N/A,"47,920",#N/A,100%
Centre,BF13,Kadiogo,BF1300,Saaba,BF130006,"44,083","43,329",87412,#N/A,"87,412",#N/A,100%
Centre,BF13,Kadiogo,BF1300,Tanghin-Dassouri,BF130007,"51,264","43,512",94776,#N/A,"94,776",#N/A,100%
Centre-Est,BF48,Boulgou,BF4801,Bagré,BF480101,"21,668","20,679",42347,209,"42,556",0%,100%
Centre-Est,BF48,Boulgou,BF4801,Bane,BF480102,"17,891","16,531",34422,#N/A,"34,422",#N/A,100%
Centre-Est,BF48,Boulgou,BF4801,Beguedo,BF480103,"14,923","12,888",27811,#N/A,"27,811",#N/A,100%
Centre-Est,BF48,Boulgou,BF4801,Bissiga,BF480104,"15,635","14,853",30488,#N/A,"30,488",#N/A,100%
Centre-Est,BF48,Boulgou,BF4801,Bittou,BF480105,"53,432","51,191",104623,191,"104,814",0%,100%
Centre-Est,BF48,Boulgou,BF4801,Boussouma,BF480106,"21,531","17,317",38848,0,,#DIV/0!,#DIV/0!
Centre-Est,BF48,Boulgou,BF4801,Garango,BF480107,"58,351","48,633",106984,#N/A,"106,984",#N/A,100%
Centre-Est,BF48,Boulgou,BF4801,Komtoega,BF480108,"15,818","14,201",30019,#N/A,"30,019",#N/A,100%
Centre-Est,BF48,Boulgou,BF4801,Niaogo,BF480109,"14,610","12,942",27552,#N/A,"27,552",#N/A,100%
Centre-Est,BF48,Boulgou,BF4801,Tenkodogo,BF480110,"95,737","85,745",181482,#N/A,"181,482",#N/A,100%
Centre-Est,BF48,Boulgou,BF4801,Zabré,BF480111,"64,648","55,532",120180,715,"120,895",1%,99%
Centre-Est,BF48,Boulgou,BF4801,Zoaga,BF480112,"8,198","7,501",15699,#N/A,"15,699",#N/A,100%
Centre-Est,BF48,Boulgou,BF4801,Zonse,BF480113,"16,070","12,757",28827,#N/A,"28,827",#N/A,100%
Centre-Est,BF48,Koulpelgo,BF4802,Comin-Yanga,BF480201,"31,707","29,193",60900,1233,"62,133",2%,98%
Centre-Est,BF48,Koulpelgo,BF4802,Dourtenga,BF480202,"7,735","6,460",14195,287,"14,482",2%,98%
Centre-Est,BF48,Koulpelgo,BF4802,Lalgaye,BF480203,"11,994","10,529",22523,#N/A,"22,523",#N/A,100%
Centre-Est,BF48,Koulpelgo,BF4802,Ouargaye,BF480204,"25,871","22,838",48709,1875,"50,584",4%,96%
Centre-Est,BF48,Koulpelgo,BF4802,Sangha,BF480205,"37,010","31,925",68935,#N/A,"68,935",#N/A,100%
Centre-Est,BF48,Koulpelgo,BF4802,Soudougui,BF480206,"37,018","33,400",70418,139,"70,557",0%,100%
Centre-Est,BF48,Koulpelgo,BF4802,Yargatenga,BF480207,"32,686","28,446",61132,#N/A,"61,132",#N/A,100%
Centre-Est,BF48,Koulpelgo,BF4802,Yonde,BF480208,"20,548","18,439",38987,#N/A,"38,987",#N/A,100%
Centre-Est,BF48,Kouritenga,BF4803,Andemtenga,BF480301,"38,411","33,325",71736,282,"72,018",0%,100%
Centre-Est,BF48,Kouritenga,BF4803,Baskoure,BF480302,"9,282","7,808",17090,#N/A,"17,090",#N/A,100%
Centre-Est,BF48,Kouritenga,BF4803,Dialgaye,BF480303,"29,135","24,649",53784,#N/A,"53,784",#N/A,100%
Centre-Est,BF48,Kouritenga,BF4803,Gounghin,BF480304,"27,917","23,482",51399,1680,"53,079",3%,97%
Centre-Est,BF48,Kouritenga,BF4803,Kando,BF480305,"22,159","19,072",41231,96,"41,327",0%,100%
Centre-Est,BF48,Kouritenga,BF4803,Koupela,BF480306,"44,386","40,768",85154,751,"85,905",1%,99%
Centre-Est,BF48,Kouritenga,BF4803,Pouytenga,BF480307,"56,600","53,102",109702,5914,"115,616",5%,95%
Centre-Est,BF48,Kouritenga,BF4803,Tensobentenga,BF480308,"15,645","13,551",29196,#N/A,"29,196",#N/A,100%
Centre-Est,BF48,Kouritenga,BF4803,Yargo,BF480309,"11,390","10,083",21473,#N/A,"21,473",#N/A,100%
Centre-Nord,BF49,Bam,BF4901,Bourzanga,BF490101,"36,389","32,768",69157,31723,"100,880",31%,69%
Centre-Nord,BF49,Bam,BF4901,Guibare,BF490102,"18,387","15,581",33968,215,"34,183",1%,99%
Centre-Nord,BF49,Bam,BF4901,Kongoussi,BF490103,"53,199","49,397",102596,20842,"123,438",17%,83%
Centre-Nord,BF49,Bam,BF4901,Nassere,BF490104,"7,960","7,092",15052,127,"15,179",1%,99%
Centre-Nord,BF49,Bam,BF4901,Rollo,BF490105,"21,215","18,239",39454,4618,"44,072",10%,90%
Centre-Nord,BF49,Bam,BF4901,Rouko,BF490106,"10,616","9,115",19731,282,"20,013",1%,99%
Centre-Nord,BF49,Bam,BF4901,Sabce,BF490107,"17,567","15,885",33452,982,"34,434",3%,97%
Centre-Nord,BF49,Bam,BF4901,Tikare,BF490108,"28,069","23,621",51690,1742,"53,432",3%,97%
Centre-Nord,BF49,Bam,BF4901,Zimtenga,BF490109,"17,636","15,817",33453,703,"34,156",2%,98%
Centre-Nord,BF49,Namentenga,BF4902,Boala,BF490201,"20,046","16,138",36184,768,"36,952",2%,98%
Centre-Nord,BF49,Namentenga,BF4902,Boulsa,BF490202,"63,454","55,267",118721,1151,"119,872",1%,99%
Centre-Nord,BF49,Namentenga,BF4902,Bouroum,BF490203,"35,135","31,827",66962,30522,"97,484",31%,69%
Centre-Nord,BF49,Namentenga,BF4902,Dargo,BF490204,"22,403","19,986",42389,433,"42,822",1%,99%
Centre-Nord,BF49,Namentenga,BF4902,Nagbingou,BF490205,"11,992","11,188",23180,2010,"25,190",8%,92%
Centre-Nord,BF49,Namentenga,BF4902,Tougouri,BF490206,"58,646","52,626",111272,8982,"120,254",7%,93%
Centre-Nord,BF49,Namentenga,BF4902,Yalgo,BF490207,"23,611","22,218",45829,12786,"58,615",22%,78%
Centre-Nord,BF49,Namentenga,BF4902,Zeguedeguin,BF490208,"16,897","14,828",31725,358,"32,083",1%,99%
Centre-Nord,BF49,Sanmatenga,BF4903,Barsalogho,BF490301,"59,550","54,216",113766,96939,"210,705",46%,54%
Centre-Nord,BF49,Sanmatenga,BF4903,Boussouma,BF490302,"63,629","55,465",119094,2851,"121,945",2%,98%
Centre-Nord,BF49,Sanmatenga,BF4903,Dablo,BF490303,"15,591","14,259",29850,21996,"51,846",42%,58%
Centre-Nord,BF49,Sanmatenga,BF4903,Kaya,BF490304,"86,834","82,004",168838,80703,"249,541",32%,68%
Centre-Nord,BF49,Sanmatenga,BF4903,Korsimoro,BF490305,"33,777","30,437",64214,1007,"65,221",2%,98%
Centre-Nord,BF49,Sanmatenga,BF4903,Mane,BF490306,"35,496","31,513",67009,3066,"70,075",4%,96%
Centre-Nord,BF49,Sanmatenga,BF4903,Namissigma,BF490307,"7,507","6,551",14058,3773,"17,831",21%,79%
Centre-Nord,BF49,Sanmatenga,BF4903,Pensa,BF490308,"26,781","25,343",52124,22550,"74,674",30%,70%
Centre-Nord,BF49,Sanmatenga,BF4903,Pibaore,BF490309,"22,557","18,748",41305,1139,"42,444",3%,97%
Centre-Nord,BF49,Sanmatenga,BF4903,Pissila,BF490310,"77,207","64,729",141936,34544,"176,480",20%,80%
Centre-Nord,BF49,Sanmatenga,BF4903,Ziga,BF490311,"27,543","22,335",49878,391,"50,269",1%,99%
Centre-Ouest,BF50,Boulkiemde,BF5001,Bingo,BF500101,"12,047","9,953",22000,#N/A,"22,000",#N/A,100%
Centre-Ouest,BF50,Boulkiemde,BF5001,Imasgo,BF500102,"17,098","14,116",31214,#N/A,"31,214",#N/A,100%
Centre-Ouest,BF50,Boulkiemde,BF5001,Kindi,BF500103,"25,281","20,073",45354,#N/A,"45,354",#N/A,100%
Centre-Ouest,BF50,Boulkiemde,BF5001,Kokologo,BF500104,"29,285","24,828",54113,#N/A,"54,113",#N/A,100%
Centre-Ouest,BF50,Boulkiemde,BF5001,Koudougou,BF500105,"97,859","93,892",191751,68,"191,819",0%,100%
Centre-Ouest,BF50,Boulkiemde,BF5001,Nanoro,BF500106,"24,554","21,182",45736,#N/A,"45,736",#N/A,100%
Centre-Ouest,BF50,Boulkiemde,BF5001,Niandiala,BF500107,"18,377","13,779",32156,#N/A,"32,156",#N/A,100%
Centre-Ouest,BF50,Boulkiemde,BF5001,Pella,BF500108,"14,381","12,360",26741,#N/A,"26,741",#N/A,100%
Centre-Ouest,BF50,Boulkiemde,BF5001,Poa,BF500109,"23,764","18,245",42009,#N/A,"42,009",#N/A,100%
Centre-Ouest,BF50,Boulkiemde,BF5001,Ramongo,BF500110,"18,043","13,799",31842,#N/A,"31,842",#N/A,100%
Centre-Ouest,BF50,Boulkiemde,BF5001,Sabou,BF500111,"34,376","28,656",63032,#N/A,"63,032",#N/A,100%
Centre-Ouest,BF50,Boulkiemde,BF5001,Sigle,BF500112,"21,422","18,914",40336,#N/A,"40,336",#N/A,100%
Centre-Ouest,BF50,Boulkiemde,BF5001,Soaw,BF500113,"12,253","9,937",22190,#N/A,"22,190",#N/A,100%
Centre-Ouest,BF50,Boulkiemde,BF5001,Sourgou,BF500114,"10,373","8,647",19020,#N/A,"19,020",#N/A,100%
Centre-Ouest,BF50,Boulkiemde,BF5001,Thyou,BF500115,"18,657","14,773",33430,#N/A,"33,430",#N/A,100%
Centre-Ouest,BF50,Sanguie,BF5002,Dassa,BF500201,"10,820","9,419",20239,#N/A,"20,239",#N/A,100%
Centre-Ouest,BF50,Sanguie,BF5002,Didyr,BF500202,"30,658","25,883",56541,#N/A,"56,541",#N/A,100%
Centre-Ouest,BF50,Sanguie,BF5002,Godyr,BF500203,"14,714","11,990",26704,#N/A,"26,704",#N/A,100%
Centre-Ouest,BF50,Sanguie,BF5002,Kordie,BF500204,"14,045","11,222",25267,#N/A,"25,267",#N/A,100%
Centre-Ouest,BF50,Sanguie,BF5002,Kyon,BF500205,"14,939","13,243",28182,#N/A,"28,182",#N/A,100%
Centre-Ouest,BF50,Sanguie,BF5002,Pouni,BF500206,"30,115","24,116",54231,112,"54,343",0%,100%
Centre-Ouest,BF50,Sanguie,BF5002,Reo,BF500207,"45,232","40,750",85982,#N/A,"85,982",#N/A,100%
Centre-Ouest,BF50,Sanguie,BF5002,Tenado,BF500208,"33,907","28,990",62897,#N/A,"62,897",#N/A,100%
Centre-Ouest,BF50,Sanguie,BF5002,Zamo,BF500209,"11,534","9,956",21490,#N/A,"21,490",#N/A,100%
Centre-Ouest,BF50,Sanguie,BF5002,Zawara,BF500210,"15,311","13,711",29022,#N/A,"29,022",#N/A,100%
Centre-Ouest,BF50,Sissili,BF5003,Bieha,BF500301,"23,420","21,033",44453,#N/A,"44,453",#N/A,100%
Centre-Ouest,BF50,Sissili,BF5003,Boura,BF500302,"19,367","16,871",36238,#N/A,"36,238",#N/A,100%
Centre-Ouest,BF50,Sissili,BF5003,Léo,BF500303,"40,057","35,286",75343,317,"75,660",0%,100%
Centre-Ouest,BF50,Sissili,BF5003,Nabielianayou,BF500304,"6,543","4,793",11336,#N/A,"11,336",#N/A,100%
Centre-Ouest,BF50,Sissili,BF5003,Niabouri,BF500305,"15,020","12,967",27987,#N/A,"27,987",#N/A,100%
Centre-Ouest,BF50,Sissili,BF5003,Silly,BF500306,"23,138","18,883",42021,#N/A,"42,021",#N/A,100%
Centre-Ouest,BF50,Sissili,BF5003,To,BF500307,"38,277","32,009",70286,#N/A,"70,286",#N/A,100%
Centre-Ouest,BF50,Ziro,BF5004,Bakata,BF500401,"23,325","19,861",43186,#N/A,"43,186",#N/A,100%
Centre-Ouest,BF50,Ziro,BF5004,Bougnounou,BF500402,"18,664","13,947",32611,#N/A,"32,611",#N/A,100%
Centre-Ouest,BF50,Ziro,BF5004,Cassou,BF500403,"32,577","29,006",61583,#N/A,"61,583",#N/A,100%
Centre-Ouest,BF50,Ziro,BF5004,Dalo,BF500404,"9,246","7,283",16529,#N/A,"16,529",#N/A,100%
Centre-Ouest,BF50,Ziro,BF5004,Gao,BF500405,"17,055","13,529",30584,#N/A,"30,584",#N/A,100%
Centre-Ouest,BF50,Ziro,BF5004,Sapouy,BF500406,"44,969","41,116",86085,138,"86,223",0%,100%
Centre-Sud,BF51,Bazega,BF5101,Doulougou,BF510101,"18,187","16,861",35048,#N/A,"35,048",#N/A,100%
Centre-Sud,BF51,Bazega,BF5101,Gaongo,BF510102,"17,544","16,590",34134,353,"34,487",1%,99%
Centre-Sud,BF51,Bazega,BF5101,Ipélcé,BF510103,"9,135","8,233",17368,13,"17,381",0%,100%
Centre-Sud,BF51,Bazega,BF5101,Kayao,BF510104,"25,088","20,324",45412,#N/A,"45,412",#N/A,100%
Centre-Sud,BF51,Bazega,BF5101,Kombissiri,BF510105,"47,948","43,046",90994,39,"91,033",0%,100%
Centre-Sud,BF51,Bazega,BF5101,Saponé,BF510106,"27,124","24,605",51729,19,"51,748",0%,100%
Centre-Sud,BF51,Bazega,BF5101,Toece,BF510107,"23,776","20,754",44530,#N/A,"44,530",#N/A,100%
Centre-Sud,BF51,Nahouri,BF5102,Guiaro,BF510201,"14,355","13,740",28095,14,"28,109",0%,100%
Centre-Sud,BF51,Nahouri,BF5102,Po,BF510202,"38,950","35,892",74842,60,"74,902",0%,100%
Centre-Sud,BF51,Nahouri,BF5102,Tiebele,BF510203,"42,611","37,215",79826,#N/A,"79,826",#N/A,100%
Centre-Sud,BF51,Nahouri,BF5102,Zecco,BF510204,"7,263","6,099",13362,#N/A,"13,362",#N/A,100%
Centre-Sud,BF51,Nahouri,BF5102,Ziou,BF510205,"17,405","14,501",31906,#N/A,"31,906",#N/A,100%
Centre-Sud,BF51,Zoundweogo,BF5103,Bere,BF510301,"21,429","19,263",40692,#N/A,"40,692",#N/A,100%
Centre-Sud,BF51,Zoundweogo,BF5103,Bindé,BF510302,"27,256","24,444",51700,1275,"52,975",2%,98%
Centre-Sud,BF51,Zoundweogo,BF5103,Gogo,BF510303,"27,864","26,237",54101,#N/A,"54,101",#N/A,100%
Centre-Sud,BF51,Zoundweogo,BF5103,Gomboussougou,BF510304,"35,664","30,065",65729,#N/A,"65,729",#N/A,100%
Centre-Sud,BF51,Zoundweogo,BF5103,Guiba,BF510305,"22,674","20,027",42701,#N/A,"42,701",#N/A,100%
Centre-Sud,BF51,Zoundweogo,BF5103,Manga,BF510306,"24,313","22,473",46786,#N/A,"46,786",#N/A,100%
Centre-Sud,BF51,Zoundweogo,BF5103,Nobere,BF510307,"184,154","164,098",348252,#N/A,"348,252",#N/A,100%
Est,BF52,Gnagna,BF5201,Bilanga,BF520101,"69,106","65,643",134749,1386,"136,135",1%,99%
Est,BF52,Gnagna,BF5201,Bogande,BF520102,"62,814","61,088",123902,#N/A,"123,902",#N/A,100%
Est,BF52,Gnagna,BF5201,Coalla,BF520103,"31,644","30,647",62291,147,"62,438",0%,100%
Est,BF52,Gnagna,BF5201,Liptougou,BF520104,"30,963","30,117",61080,#N/A,"61,080",#N/A,100%
Est,BF52,Gnagna,BF5201,Mani,BF520105,"50,942","49,023",99965,171,"100,136",0%,100%
Est,BF52,Gnagna,BF5201,Piela,BF520106,"41,361","39,866",81227,#N/A,"81,227",#N/A,100%
Est,BF52,Gnagna,BF5201,Thion,BF520107,"17,218","16,409",33627,#N/A,"33,627",#N/A,100%
Est,BF52,Gourma,BF5202,Diabo,BF520201,"34,129","30,109",64238,#N/A,"64,238",#N/A,100%
Est,BF52,Gourma,BF5202,Diapangou,BF520202,"20,937","18,647",39584,#N/A,"39,584",#N/A,100%
Est,BF52,Gourma,BF5202,Fada N'gourma,BF520203,"91,999","94,017",186016,9577,"195,593",5%,95%
Est,BF52,Gourma,BF5202,Matiacoali,BF520204,"40,636","40,766",81402,2947,"84,349",3%,97%
Est,BF52,Gourma,BF5202,Tibga,BF520205,"24,392","20,684",45076,#N/A,"45,076",#N/A,100%
Est,BF52,Gourma,BF5202,Yamba,BF520206,"20,629","19,872",40501,103,"40,604",0%,100%
Est,BF52,Komandjori,BF5203,Bartiebougou,BF520301,"12,999","12,531",25530,#N/A,"25,530",#N/A,100%
Est,BF52,Komandjori,BF5203,Foutouri,BF520302,"11,771","11,559",23330,#N/A,"23,330",#N/A,100%
Est,BF52,Komandjori,BF5203,Gayeri,BF520303,"39,591","37,881",77472,3194,"80,666",4%,96%
Est,BF52,Kompienga,BF5204,Kompienga,BF520401,"25,957","24,583",50540,87,"50,627",0%,100%
Est,BF52,Kompienga,BF5204,Madjoari,BF520402,"8,331","7,692",16023,#N/A,"16,023",#N/A,100%
Est,BF52,Kompienga,BF5204,Pama,BF520403,"32,411","31,952",64363,2202,"66,565",3%,97%
Est,BF52,Tapoa,BF5205,Botou,BF520501,"36,351","35,431",71782,#N/A,"71,782",#N/A,100%
Est,BF52,Tapoa,BF5205,Diapaga,BF520502,"24,767","25,096",49863,#N/A,"49,863",#N/A,100%
Est,BF52,Tapoa,BF5205,Kantchari,BF520503,"46,085","44,398",90483,279,"90,762",0%,100%
Est,BF52,Tapoa,BF5205,Logobou,BF520504,"48,451","45,433",93884,#N/A,"93,884",#N/A,100%
Est,BF52,Tapoa,BF5205,Namounou,BF520505,"11,779","11,239",23018,#N/A,"23,018",#N/A,100%
Est,BF52,Tapoa,BF5205,Partiaga,BF520506,"38,904","37,641",76545,#N/A,"76,545",#N/A,100%
Est,BF52,Tapoa,BF5205,Tambaga,BF520507,"32,281","30,265",62546,190,"62,736",0%,100%
Est,BF52,Tapoa,BF5205,Tansarga,BF520508,"27,944","27,185",55129,#N/A,"55,129",#N/A,100%
Hauts-Bassins,BF53,Houet,BF5301,Bama,BF530101,"53,188","52,381",105569,#N/A,"105,569",#N/A,100%
Hauts-Bassins,BF53,Houet,BF5301,Bobo-Dioulasso,BF530102,"405,062","397,195",802257,1657,"803,914",0%,100%
Hauts-Bassins,BF53,Houet,BF5301,Dandé,BF530103,"16,512","15,733",32245,119,"32,364",0%,100%
Hauts-Bassins,BF53,Houet,BF5301,Faramana,BF530104,"12,685","12,503",25188,#N/A,"25,188",#N/A,100%
Hauts-Bassins,BF53,Houet,BF5301,Fô,BF530105,"15,991","15,043",31034,511,"31,545",2%,98%
Hauts-Bassins,BF53,Houet,BF5301,Karangasso - Sambla,BF530106,"19,044","19,264",38308,#N/A,"38,308",#N/A,100%
Hauts-Bassins,BF53,Houet,BF5301,Karangasso-Vigué,BF530107,"56,724","57,538",114262,2373,"116,635",2%,98%
Hauts-Bassins,BF53,Houet,BF5301,Koundougou,BF530108,"13,347","12,652",25999,#N/A,"25,999",#N/A,100%
Hauts-Bassins,BF53,Houet,BF5301,Lena,BF530109,"14,044","13,564",27608,#N/A,"27,608",#N/A,100%
Hauts-Bassins,BF53,Houet,BF5301,Padéma,BF530110,"39,174","36,635",75809,122,"75,931",0%,100%
Hauts-Bassins,BF53,Houet,BF5301,Péni,BF530111,"25,830","25,725",51555,344,"51,899",1%,99%
Hauts-Bassins,BF53,Houet,BF5301,Satiri,BF530112,"27,869","26,550",54419,45,"54,464",0%,100%
Hauts-Bassins,BF53,Houet,BF5301,Toussiana,BF530113,"13,236","12,415",25651,#N/A,"25,651",#N/A,100%
Hauts-Bassins,BF53,Kenedougou,BF5302,Banzon,BF530201,"11,471","11,199",22670,886,"23,556",4%,96%
Hauts-Bassins,BF53,Kenedougou,BF5302,Djigouéra,BF530202,"13,117","12,792",25909,126,"26,035",0%,100%
Hauts-Bassins,BF53,Kenedougou,BF5302,Kangala,BF530203,"18,540","16,545",35085,#N/A,"35,085",#N/A,100%
Hauts-Bassins,BF53,Kenedougou,BF5302,Kayan,BF530204,"15,829","15,024",30853,84,"30,937",0%,100%
Hauts-Bassins,BF53,Kenedougou,BF5302,Koloko,BF530205,"15,096","15,141",30237,#N/A,"30,237",#N/A,100%
Hauts-Bassins,BF53,Kenedougou,BF5302,Kourinion,BF530206,"11,425","10,719",22144,131,"22,275",1%,99%
Hauts-Bassins,BF53,Kenedougou,BF5302,Kourouma,BF530207,"26,790","26,700",53490,514,"54,004",1%,99%
Hauts-Bassins,BF53,Kenedougou,BF5302,Morolaba,BF530208,"15,574","15,149",30723,#N/A,"30,723",#N/A,100%
Hauts-Bassins,BF53,Kenedougou,BF5302,Ndorola,BF530209,"22,722","23,178",45900,32,"45,932",0%,100%
Hauts-Bassins,BF53,Kenedougou,BF5302,Orodara,BF530210,"24,089","24,086",48175,6,"48,181",0%,100%
Hauts-Bassins,BF53,Kenedougou,BF5302,Samogohiri,BF530211,"5,348","4,867",10215,13,"10,228",0%,100%
Hauts-Bassins,BF53,Kenedougou,BF5302,Samorogouan,BF530212,"26,440","26,887",53327,265,"53,592",0%,100%
Hauts-Bassins,BF53,Kenedougou,BF5302,Sindo,BF530213,"13,532","12,848",26380,#N/A,"26,380",#N/A,100%
Hauts-Bassins,BF53,Tuy,BF5303,Békuy,BF530301,"12,708","12,501",25209,23,"25,232",0%,100%
Hauts-Bassins,BF53,Tuy,BF5303,Bereba,BF530302,"19,331","18,843",38174,#N/A,"38,174",#N/A,100%
Hauts-Bassins,BF53,Tuy,BF5303,Boni,BF530303,"12,735","12,055",24790,80,"24,870",0%,100%
Hauts-Bassins,BF53,Tuy,BF5303,Founzan,BF530304,"24,813","24,267",49080,70,"49,150",0%,100%
Hauts-Bassins,BF53,Tuy,BF5303,Houndé,BF530305,"58,330","58,222",116552,1938,"118,490",2%,98%
Hauts-Bassins,BF53,Tuy,BF5303,Koti,BF530306,"19,086","18,051",37137,108,"37,245",0%,100%
Hauts-Bassins,BF53,Tuy,BF5303,Koumbia,BF530307,"27,829","27,046",54875,910,"55,785",2%,98%
Nord,BF54,Loroum,BF5401,Banh,BF540101,"22,666","20,945",43611,1731,"45,342",4%,96%
Nord,BF54,Loroum,BF5401,Ouindigui,BF540102,"22,175","18,483",40658,13687,"54,345",25%,75%
Nord,BF54,Loroum,BF5401,Solle,BF540103,"13,399","11,800",25199,2675,"27,874",10%,90%
Nord,BF54,Loroum,BF5401,Titao,BF540104,"51,450","44,476",95926,19414,"115,340",17%,83%
Nord,BF54,Passore,BF5402,Arbole,BF540201,"34,693","28,770",63463,11,"63,474",0%,100%
Nord,BF54,Passore,BF5402,Bagare,BF540202,"17,103","15,164",32267,74,"32,341",0%,100%
Nord,BF54,Passore,BF5402,Bokin,BF540204,"40,107","35,393",75500,#N/A,"75,500",#N/A,100%
Nord,BF54,Passore,BF5402,Gomponson,BF540205,"13,593","11,694",25287,#N/A,"25,287",#N/A,100%
Nord,BF54,Passore,BF5402,Kirsi,BF540206,"14,231","12,095",26326,68,"26,394",0%,100%
Nord,BF54,Passore,BF5402,La-Todin,BF540207,"20,655","18,369",39024,3,"39,027",0%,100%
Nord,BF54,Passore,BF5402,Pilimpikou,BF540208,"13,078","10,837",23915,#N/A,"23,915",#N/A,100%
Nord,BF54,Passore,BF5402,Samba,BF540209,"27,091","22,515",49606,#N/A,"49,606",#N/A,100%
Nord,BF54,Passore,BF5402,Yako,BF540210,"58,387","53,631",112018,352,"112,370",0%,100%
Nord,BF54,Yatenga,BF5403,Barga,BF540301,"22,929","20,002",42931,#N/A,"42,931",#N/A,100%
Nord,BF54,Yatenga,BF5403,Kain,BF540302,"8,031","7,955",15986,3735,"19,721",19%,81%
Nord,BF54,Yatenga,BF5403,Kalsaka,BF540303,"39,230","33,563",72793,326,"73,119",0%,100%
Nord,BF54,Yatenga,BF5403,Kossouka,BF540304,"13,277","11,074",24351,1674,"26,025",6%,94%
Nord,BF54,Yatenga,BF5403,Koumbri,BF540305,"33,863","29,198",63061,151,"63,212",0%,100%
Nord,BF54,Yatenga,BF5403,Namissiguima,BF540306,"26,149","23,274",49423,559,"49,982",1%,99%
Nord,BF54,Yatenga,BF5403,Ouahigouya,BF540307,"91,997","85,043",177040,11786,"188,826",6%,94%
Nord,BF54,Yatenga,BF5403,Oula,BF540308,"34,400","28,883",63283,1417,"64,700",2%,98%
Nord,BF54,Yatenga,BF5403,Rambo,BF540309,"26,610","21,560",48170,1272,"49,442",3%,97%
Nord,BF54,Yatenga,BF5403,Seguenega,BF540310,"46,800","38,836",85636,3919,"89,555",4%,96%
Nord,BF54,Yatenga,BF5403,Tangaye,BF540311,"24,814","21,364",46178,#N/A,"46,178",#N/A,100%
Nord,BF54,Yatenga,BF5403,Thiou,BF540312,"35,818","32,568",68386,3374,"71,760",5%,95%
Nord,BF54,Yatenga,BF5403,Zogore,BF540313,"14,378","11,653",26031,#N/A,"26,031",#N/A,100%
Nord,BF54,Zondoma,BF5404,Bassi,BF540401,"16,406","14,847",31253,25,"31,278",0%,100%
Nord,BF54,Zondoma,BF5404,Boussou,BF540402,"18,149","15,856",34005,31,"34,036",0%,100%
Nord,BF54,Zondoma,BF5404,Gourcy,BF540403,"63,041","54,720",117761,322,"118,083",0%,100%
Nord,BF54,Zondoma,BF5404,Leba,BF540404,"7,593","6,587",14180,53,"14,233",0%,100%
Nord,BF54,Zondoma,BF5404,Tougo,BF540405,"23,768","20,506",44274,#N/A,"44,274",#N/A,100%
Plateau Central,BF55,Ganzourgou,BF5501,Boudry,BF550101,"59,862","53,414",113276,442,"113,718",0%,100%
Plateau Central,BF55,Ganzourgou,BF5501,Kogho,BF550102,"12,381","10,066",22447,53,"22,500",0%,100%
Plateau Central,BF55,Ganzourgou,BF5501,Méguet,BF550103,"27,092","22,138",49230,296,"49,526",1%,99%
Plateau Central,BF55,Ganzourgou,BF5501,Mogtédo,BF550104,"36,491","33,486",69977,423,"70,400",1%,99%
Plateau Central,BF55,Ganzourgou,BF5501,Salogo,BF550105,"16,602","13,240",29842,35,"29,877",0%,100%
Plateau Central,BF55,Ganzourgou,BF5501,Zam,BF550106,"29,963","26,892",56855,455,"57,310",1%,99%
Plateau Central,BF55,Ganzourgou,BF5501,Zorgho,BF550107,"36,641","31,438",68079,251,"68,330",0%,100%
Plateau Central,BF55,Ganzourgou,BF5501,Zoungou,BF550108,"22,647","19,721",42368,292,"42,660",1%,99%
Plateau Central,BF55,Kourweogo,BF5502,Boussé,BF550201,"31,622","27,952",59574,380,"59,954",1%,99%
Plateau Central,BF55,Kourweogo,BF5502,Laye,BF550202,"8,895","8,039",16934,#N/A,"16,934",#N/A,100%
Plateau Central,BF55,Kourweogo,BF5502,Niou,BF550203,"19,816","17,284",37100,94,"37,194",0%,100%
Plateau Central,BF55,Kourweogo,BF5502,Sourgoubila,BF550204,"29,070","24,584",53654,21,"53,675",0%,100%
Plateau Central,BF55,Kourweogo,BF5502,Toeghin,BF550205,"12,134","10,541",22675,147,"22,822",1%,99%
Plateau Central,BF55,Oubritenga,BF5503,Absouya,BF550301,"20,376","16,417",36793,85,"36,878",0%,100%
Plateau Central,BF55,Oubritenga,BF5503,Dapélogo,BF550302,"27,179","23,096",50275,227,"50,502",0%,100%
Plateau Central,BF55,Oubritenga,BF5503,Loumbila,BF550303,"20,116","18,904",39020,250,"39,270",1%,99%
Plateau Central,BF55,Oubritenga,BF5503,Nagréongo,BF550304,"17,234","15,340",32574,7988,"40,562",20%,80%
Plateau Central,BF55,Oubritenga,BF5503,Ourgou-Manéga,BF550305,"15,489","13,130",28619,133,"28,752",0%,100%
Plateau Central,BF55,Oubritenga,BF5503,Ziniaré,BF550306,"46,671","41,298",87969,953,"88,922",1%,99%
Plateau Central,BF55,Oubritenga,BF5503,Zitenga,BF550307,"31,256","27,051",58307,509,"58,816",1%,99%
Sahel,BF56,Oudalan,BF5601,Déou,BF560101,"18,895","19,511",38406,9421,"47,827",20%,80%
Sahel,BF56,Oudalan,BF5601,Gorom-Gorom,BF560102,"80,852","80,448",161300,18775,"180,075",10%,90%
Sahel,BF56,Oudalan,BF5601,Markoye,BF560103,"20,998","20,679",41677,9604,"51,281",19%,81%
Sahel,BF56,Oudalan,BF5601,Oursi,BF560104,"12,270","11,704",23974,#N/A,"23,974",#N/A,100%
Sahel,BF56,Oudalan,BF5601,Tin-Akoff,BF560105,"16,432","15,439",31871,#N/A,"31,871",#N/A,100%
Sahel,BF56,Seno,BF5602,Bani,BF560201,"43,447","42,878",86325,2363,"88,688",3%,97%
Sahel,BF56,Seno,BF5602,Dori,BF560202,"78,420","77,122",155542,34218,"189,760",18%,82%
Sahel,BF56,Seno,BF5602,Falangountou,BF560203,"13,478","12,997",26475,63,"26,538",0%,100%
Sahel,BF56,Seno,BF5602,Gorgadji,BF560204,"22,105","21,457",43562,43651,"87,213",50%,50%
Sahel,BF56,Seno,BF5602,Sampelga,BF560205,"13,879","14,121",28000,#N/A,"28,000",#N/A,100%
Sahel,BF56,Seno,BF5602,Seytenga,BF560206,"22,696","23,300",45996,54,"46,050",0%,100%
Sahel,BF56,Soum,BF5603,Arbinda,BF560301,"68,703","66,620",135323,27361,"162,684",17%,83%
Sahel,BF56,Soum,BF5603,Baraboule,BF560302,"22,644","21,784",44428,#N/A,"44,428",#N/A,100%
Sahel,BF56,Soum,BF5603,Diguel,BF560303,"6,613","6,751",13364,#N/A,"13,364",#N/A,100%
Sahel,BF56,Soum,BF5603,Djibo,BF560304,"44,082","45,185",89267,142622,"231,889",62%,38%
Sahel,BF56,Soum,BF5603,Kelbo,BF560305,"18,405","17,510",35915,20098,"56,013",36%,64%
Sahel,BF56,Soum,BF5603,Koutougou,BF560306,"13,690","14,045",27735,#N/A,"27,735",#N/A,100%
Sahel,BF56,Soum,BF5603,Nassoumbou,BF560307,"14,688","15,292",29980,#N/A,"29,980",#N/A,100%
Sahel,BF56,Soum,BF5603,Pobe-Mangao,BF560308,"18,344","17,415",35759,#N/A,"35,759",#N/A,100%
Sahel,BF56,Soum,BF5603,Tongomayel,BF560309,"52,479","52,146",104625,#N/A,"104,625",#N/A,100%
Sahel,BF56,Yagha,BF5604,Boundore,BF560401,"17,142","16,747",33889,#N/A,"33,889",#N/A,100%
Sahel,BF56,Yagha,BF5604,Mansila,BF560402,"32,033","31,666",63699,194,"63,893",0%,100%
Sahel,BF56,Yagha,BF5604,Sebba,BF560403,"24,112","24,064",48176,1534,"49,710",3%,97%
Sahel,BF56,Yagha,BF5604,Solhan,BF560404,"18,934","18,429",37363,37,"37,400",0%,100%
Sahel,BF56,Yagha,BF5604,Tankougounadié,BF560405,"12,260","12,224",24484,71,"24,555",0%,100%
Sahel,BF56,Yagha,BF5604,Titabe,BF560406,"15,346","15,367",30713,#N/A,"30,713",#N/A,100%
Sud-Ouest,BF57,Bougouriba,BF5701,Bondigui,BF570101,"12,964","12,421",25385,#N/A,"25,385",#N/A,100%
Sud-Ouest,BF57,Bougouriba,BF5701,Diébougou,BF570102,"31,454","30,010",61464,213,"61,677",0%,100%
Sud-Ouest,BF57,Bougouriba,BF5701,Dolo,BF570103,"6,293","6,025",12318,#N/A,"12,318",#N/A,100%
Sud-Ouest,BF57,Bougouriba,BF5701,Iolonioro,BF570104,"15,913","14,314",30227,#N/A,"30,227",#N/A,100%
Sud-Ouest,BF57,Bougouriba,BF5701,Tiankoura,BF570105,"10,424","8,452",18876,#N/A,"18,876",#N/A,100%
Sud-Ouest,BF57,Ioba,BF5702,Dano,BF570201,"34,002","30,462",64464,39,"64,503",0%,100%
Sud-Ouest,BF57,Ioba,BF5702,Dissin,BF570202,"27,187","25,119",52306,#N/A,"52,306",#N/A,100%
Sud-Ouest,BF57,Ioba,BF5702,Guéguéré,BF570203,"23,368","21,818",45186,26,"45,212",0%,100%
Sud-Ouest,BF57,Ioba,BF5702,Koper,BF570204,"11,570","11,006",22576,#N/A,"22,576",#N/A,100%
Sud-Ouest,BF57,Ioba,BF5702,Niego,BF570205,"6,668","6,188",12856,#N/A,"12,856",#N/A,100%
Sud-Ouest,BF57,Ioba,BF5702,Oronkua,BF570206,"15,450","13,990",29440,#N/A,"29,440",#N/A,100%
Sud-Ouest,BF57,Ioba,BF5702,Ouessa,BF570207,"7,155","7,026",14181,232,"14,413",2%,98%
Sud-Ouest,BF57,Ioba,BF5702,Zambo,BF570208,"12,981","12,304",25285,#N/A,"25,285",#N/A,100%
Sud-Ouest,BF57,Noumbiel,BF5703,Batié,BF570301,"24,442","22,872",47314,279,"47,593",1%,99%
Sud-Ouest,BF57,Noumbiel,BF5703,Boussou-koula,BF570302,"5,514","5,160",10674,72,"10,746",1%,99%
Sud-Ouest,BF57,Noumbiel,BF5703,Kpuere,BF570303,"5,094","4,626",9720,18,"9,738",0%,100%
Sud-Ouest,BF57,Noumbiel,BF5703,Legmoin,BF570304,"10,200","9,617",19817,6,"19,823",0%,100%
Sud-Ouest,BF57,Noumbiel,BF5703,Midebdo,BF570305,"8,623","7,525",16148,205,"16,353",1%,99%
Sud-Ouest,BF57,Poni,BF5704,Bouroum-Bouroum,BF570401,"7,801","7,063",14864,37,"14,901",0%,100%
Sud-Ouest,BF57,Poni,BF5704,Boussera,BF570402,"13,783","12,128",25911,#N/A,"25,911",#N/A,100%
Sud-Ouest,BF57,Poni,BF5704,Djigouè,BF570403,"15,035","14,486",29521,205,"29,726",1%,99%
Sud-Ouest,BF57,Poni,BF5704,Gaoua,BF570404,"39,839","36,776",76615,171,"76,786",0%,100%
Sud-Ouest,BF57,Poni,BF5704,Gbomblora,BF570405,"14,324","12,980",27304,#N/A,"27,304",#N/A,100%
Sud-Ouest,BF57,Poni,BF5704,Kampti,BF570406,"31,560","32,149",63709,569,"64,278",1%,99%
Sud-Ouest,BF57,Poni,BF5704,Loropeni,BF570407,"34,161","31,496",65657,#N/A,"65,657",#N/A,100%
Sud-Ouest,BF57,Poni,BF5704,Malba,BF570408,"8,981","7,580",16561,#N/A,"16,561",#N/A,100%
Sud-Ouest,BF57,Poni,BF5704,Nako,BF570409,"21,682","18,877",40559,#N/A,"40,559",#N/A,100%
Sud-Ouest,BF57,Poni,BF5704,Perigban,BF570410,"6,823","5,768",12591,#N/A,"12,591",#N/A,100%
